,ssr,msr,aic
1,72.5972926421158,0.981044495163727,10.0382749269993
