,ssr,msr,aic
1,58.3185947205652,1.07997397630676,9.84612611033288
