,ssr,msr,aic
1,49.0990011249363,0.909240761572894,10.1902907113168
