,ssr,msr,aic
1,51.8559667141653,0.96029567989195,14.0810280841101
