,ssr,msr,aic
1,50.0625208456465,0.927083719363824,14.1514228106867
