Horizon,mean_BD_g_cm3,sd_BD_g_cm3
Oa,0.2496906574420651,0.17418773194120374
Oie,0.0984582002484677,0.053281149547995205
min,0.6348665628178243,0.2228321503308246
