Horizon,mean_BD_g_cm3,sd_BD_g_cm3,median_BD_g_cm3,mad_BD_g_cm3
Oa,0.2496906574420651,0.17418773194120374,0.21713747645951037,0.10706506875271621
Oie,0.0984582002484677,0.053281149547995205,0.08729411764705883,0.03012466623093683
min,0.6348665628178243,0.2228321503308246,0.6051728130863039,0.16851290483339315
